user_id;username;password;email
1;jack;sparrow;jack.sparrow@mail.com
2;peter;crouch;peter.crouch@mail.com
3;nelson;mandela;nelson.mandela@mail.com
4;malcom;boy;malcom.boy@mail.com
5;neymar;jr;neymar.jr@mail.com
6;crisitano;ronaldo;crisitano.ronaldo@mail.com
7;leo;dicaprio;leo.dicaprio@mail.com
8;moussa;diaby;moussa.diaby@mail.com
9;monkey;luffy;monkey.luffy@mail.com
